[
  {
    "_id": "67ad9108908e55dd77673126",
    "title": "Develop API Endpoints...",
    "description": "Create RESTful API for user management......",
    "assignedTo": "67ab35f0b770cc7919a85bbb",
    "project": "67b2de15fc91663efa81b64b",
    "status": "In Progress",
    "dueDate": "2025-03-30T00:00:00.000Z",
    "createdAt": "2025-02-13T06:28:24.214Z",
    "updatedAt": "2025-02-24T11:06:17.206Z",
    "__v": 0,
    "expectedHours": 2
  },
  {
    "_id": "67ad9139908e55dd77673130",
    "title": "Frontend Dashboard UI",
    "description": "Design and implement the admin dashboard UI.",
    "assignedTo": "67a5b20499c73f73e7deb424",
    "project": "67b2dd95fc91663efa81b62d",
    "status": "Completed",
    "dueDate": "2025-03-25T00:00:00.000Z",
    "createdAt": "2025-02-13T06:29:13.493Z",
    "updatedAt": "2025-02-21T14:20:20.707Z",
    "__v": 0,
    "expectedHours": 3
  },
  {
    "_id": "67ad9152908e55dd77673134",
    "title": "Implement Payment Gateway",
    "description": "Integrate Stripe for processing online payments.",
    "assignedTo": "67a5b20499c73f73e7deb424",
    "project": "67b2dd95fc91663efa81b62d",
    "status": "Completed",
    "dueDate": "2025-04-15T00:00:00.000Z",
    "createdAt": "2025-02-13T06:29:38.005Z",
    "updatedAt": "2025-02-24T08:21:41.400Z",
    "__v": 0,
    "expectedHours": 1
  },
  {
    "_id": "67bc1ec5264eea2adca543b7",
    "title": "Make Header And Footer With Proper Responsive",
    "description": "Make Header And Footer With Proper Responsive",
    "assignedTo": "67a5b20499c73f73e7deb424",
    "project": "67b2df5cfc91663efa81b684",
    "status": "Completed",
    "dueDate": "2025-02-25T00:00:00.000Z",
    "expectedHours": 2,
    "createdAt": "2025-02-24T07:24:53.067Z",
    "updatedAt": "2025-02-24T08:21:36.736Z",
    "__v": 0
  },
  {
    "_id": "67bc1fb1264eea2adca543ea",
    "title": "Authentication & User Management Module",
    "description": "User Registration & Login (Email, Social Login), Role-Based Access Control (Admin, User, Manager), Password Reset & Two-Factor Authentication, Profile Management",
    "assignedTo": "67a5b20499c73f73e7deb424",
    "project": "67b2df5cfc91663efa81b684",
    "status": "Pending",
    "dueDate": "2025-02-25T00:00:00.000Z",
    "expectedHours": 5,
    "createdAt": "2025-02-24T07:28:49.239Z",
    "updatedAt": "2025-02-24T07:28:49.239Z",
    "__v": 0
  },
  {
    "_id": "67bc1fdb264eea2adca54404",
    "title": "Dashboard & Analytics Module",
    "description": "User Dashboard with Personalized Data, Real-Time Analytics & Reports, Activity Logs & Notifications",
    "assignedTo": "67a5cd279a860770f0cf9b79",
    "project": "67b2e0b3fc91663efa81b6f4",
    "status": "In Progress",
    "dueDate": "2025-02-28T00:00:00.000Z",
    "expectedHours": 6,
    "createdAt": "2025-02-24T07:29:31.716Z",
    "updatedAt": "2025-02-24T07:31:10.826Z",
    "__v": 0
  },
  {
    "_id": "67bc2008264eea2adca54413",
    "title": "Order & Payment Module (For eCommerce & SaaS Platforms)",
    "description": "Shopping Cart & Checkout System, Payment Gateway Integration (Stripe, PayPal, Razorpay), Invoice & Billing Management, Order Tracking",
    "assignedTo": "67ab35f0b770cc7919a85bbb",
    "project": "67b2de15fc91663efa81b64b",
    "status": "Completed",
    "dueDate": "2025-02-28T00:00:00.000Z",
    "expectedHours": 5,
    "createdAt": "2025-02-24T07:30:16.128Z",
    "updatedAt": "2025-02-24T10:51:21.059Z",
    "__v": 0
  },
  {
    "_id": "67bc2029264eea2adca54422",
    "title": "API & Integration Module",
    "description": "RESTful API for External Integration, Webhooks for Real-Time Updates, Third-Party Service Connections\n\nLet me know if you need any modifications! 🚀",
    "assignedTo": "67a5cd279a860770f0cf9b79",
    "project": "67b2deb8fc91663efa81b666",
    "status": "In Progress",
    "dueDate": "2025-02-28T00:00:00.000Z",
    "expectedHours": 6,
    "createdAt": "2025-02-24T07:30:49.617Z",
    "updatedAt": "2025-02-24T11:05:55.246Z",
    "__v": 0
  }
]