[
  {
    "_id": "67b5dbcf93ff50ee4a40b8c9",
    "sender": "67a5b20499c73f73e7deb424",
    "receiver": "67a5cd279a860770f0cf9b79",
    "message": "Hy",
    "createdAt": "2025-02-19T13:25:35.733Z",
    "updatedAt": "2025-02-19T13:25:35.733Z",
    "__v": 0
  },
  {
    "_id": "67b5dbe193ff50ee4a40b8cd",
    "sender": "67a5cd279a860770f0cf9b79",
    "receiver": "67a5b20499c73f73e7deb424",
    "message": "How are You",
    "createdAt": "2025-02-19T13:25:53.991Z",
    "updatedAt": "2025-02-19T13:25:53.991Z",
    "__v": 0
  },
  {
    "_id": "67b5dc8493ff50ee4a40b8d2",
    "sender": "67a5cd279a860770f0cf9b79",
    "receiver": "67a5b20499c73f73e7deb424",
    "message": "Hello",
    "createdAt": "2025-02-19T13:28:36.837Z",
    "updatedAt": "2025-02-19T13:28:36.837Z",
    "__v": 0
  },
  {
    "_id": "67b5df18cdef599cbb7e5fd8",
    "sender": "67a5b20499c73f73e7deb424",
    "receiver": "67a5cd279a860770f0cf9b79",
    "message": "Hello",
    "createdAt": "2025-02-19T13:39:36.445Z",
    "updatedAt": "2025-02-19T13:39:36.445Z",
    "__v": 0
  },
  {
    "_id": "67b6b563390944ddf8e7af33",
    "sender": "67a5b20499c73f73e7deb424",
    "receiver": "67a5cd279a860770f0cf9b79",
    "message": "HGello",
    "createdAt": "2025-02-20T04:53:55.688Z",
    "updatedAt": "2025-02-20T04:53:55.688Z",
    "__v": 0
  },
  {
    "_id": "67b6b578390944ddf8e7af37",
    "sender": "67a5b20499c73f73e7deb424",
    "receiver": "67a5cd279a860770f0cf9b79",
    "message": "Hello Muammad Bhai",
    "createdAt": "2025-02-20T04:54:16.382Z",
    "updatedAt": "2025-02-20T04:54:16.382Z",
    "__v": 0
  },
  {
    "_id": "67b6b9b625baa2d1c4c9f641",
    "sender": "67a5cd279a860770f0cf9b79",
    "receiver": "67a5b20499c73f73e7deb424",
    "message": "Hey Faizan",
    "createdAt": "2025-02-20T05:12:22.833Z",
    "updatedAt": "2025-02-20T05:12:22.833Z",
    "__v": 0
  },
  {
    "_id": "67b6b9c125baa2d1c4c9f645",
    "sender": "67a5b20499c73f73e7deb424",
    "receiver": "67a5cd279a860770f0cf9b79",
    "message": "Hii",
    "createdAt": "2025-02-20T05:12:33.766Z",
    "updatedAt": "2025-02-20T05:12:33.766Z",
    "__v": 0
  },
  {
    "_id": "67b6bbb834ab58977e91dea2",
    "sender": "67a5b20499c73f73e7deb424",
    "receiver": "67a5cd279a860770f0cf9b79",
    "message": "Hello",
    "createdAt": "2025-02-20T05:20:56.432Z",
    "updatedAt": "2025-02-20T05:20:56.432Z",
    "__v": 0
  },
  {
    "_id": "67b6bbbe34ab58977e91dea6",
    "sender": "67a5cd279a860770f0cf9b79",
    "receiver": "67a5b20499c73f73e7deb424",
    "message": "Hi",
    "createdAt": "2025-02-20T05:21:02.068Z",
    "updatedAt": "2025-02-20T05:21:02.068Z",
    "__v": 0
  },
  {
    "_id": "67b6bbeae323600fa097da3b",
    "sender": "67a5cd279a860770f0cf9b79",
    "receiver": "67a5b20499c73f73e7deb424",
    "message": "HI",
    "createdAt": "2025-02-20T05:21:46.369Z",
    "updatedAt": "2025-02-20T05:21:46.369Z",
    "__v": 0
  },
  {
    "_id": "67b6bc0ce323600fa097da3f",
    "sender": "67a5b20499c73f73e7deb424",
    "receiver": "67a5cd279a860770f0cf9b79",
    "message": "Hello",
    "createdAt": "2025-02-20T05:22:20.507Z",
    "updatedAt": "2025-02-20T05:22:20.507Z",
    "__v": 0
  },
  {
    "_id": "67b6bc17e323600fa097da43",
    "sender": "67a5cd279a860770f0cf9b79",
    "receiver": "67a5b20499c73f73e7deb424",
    "message": "Hi",
    "createdAt": "2025-02-20T05:22:31.843Z",
    "updatedAt": "2025-02-20T05:22:31.843Z",
    "__v": 0
  },
  {
    "_id": "67b6bc3de323600fa097da47",
    "sender": "67a5cd279a860770f0cf9b79",
    "receiver": "67a5b20499c73f73e7deb424",
    "message": "hi",
    "createdAt": "2025-02-20T05:23:09.043Z",
    "updatedAt": "2025-02-20T05:23:09.043Z",
    "__v": 0
  },
  {
    "_id": "67b6e6b672271155fd8927bb",
    "sender": "67b6cf4c5f09163134b26c81",
    "receiver": "67a5b20499c73f73e7deb424",
    "message": "Heelloo",
    "createdAt": "2025-02-20T08:24:23.002Z",
    "updatedAt": "2025-02-20T08:24:23.002Z",
    "__v": 0
  },
  {
    "_id": "67b6e6cb72271155fd8927cc",
    "sender": "67b6cf4c5f09163134b26c81",
    "receiver": "67a5b20499c73f73e7deb424",
    "message": "Hi",
    "createdAt": "2025-02-20T08:24:43.103Z",
    "updatedAt": "2025-02-20T08:24:43.103Z",
    "__v": 0
  },
  {
    "_id": "67b6e82572271155fd892823",
    "sender": "67b6cf4c5f09163134b26c81",
    "receiver": "67a5b20499c73f73e7deb424",
    "message": "fsdfdsf",
    "createdAt": "2025-02-20T08:30:29.376Z",
    "updatedAt": "2025-02-20T08:30:29.376Z",
    "__v": 0
  },
  {
    "_id": "67b86c8dd56875564a7c45fe",
    "sender": "67a5cfcc9a860770f0cf9bf7",
    "receiver": "67a5cd279a860770f0cf9b79",
    "message": "HIII",
    "createdAt": "2025-02-21T12:07:41.647Z",
    "updatedAt": "2025-02-21T12:07:41.647Z",
    "__v": 0
  },
  {
    "_id": "67b86cbcd56875564a7c460d",
    "sender": "67a5cd279a860770f0cf9b79",
    "receiver": "67a5cfcc9a860770f0cf9bf7",
    "message": "hello",
    "createdAt": "2025-02-21T12:08:28.862Z",
    "updatedAt": "2025-02-21T12:08:28.862Z",
    "__v": 0
  },
  {
    "_id": "67bc4f48cf00ca0fcdd95f4f",
    "sender": "67ab35f0b770cc7919a85bbb",
    "receiver": "67a5b20499c73f73e7deb424",
    "message": "gfjtjtyjtyj",
    "createdAt": "2025-02-24T10:51:52.293Z",
    "updatedAt": "2025-02-24T10:51:52.293Z",
    "__v": 0
  },
  {
    "_id": "67bc4f5acf00ca0fcdd95f58",
    "sender": "67a5d1349a860770f0cf9c63",
    "receiver": "67ab35f0b770cc7919a85bbb",
    "message": "HII",
    "createdAt": "2025-02-24T10:52:10.539Z",
    "updatedAt": "2025-02-24T10:52:10.539Z",
    "__v": 0
  },
  {
    "_id": "67bc501bcf00ca0fcdd95fbd",
    "sender": "67ab35f0b770cc7919a85bbb",
    "receiver": "67a5d1349a860770f0cf9c63",
    "message": "hyy",
    "createdAt": "2025-02-24T10:55:23.930Z",
    "updatedAt": "2025-02-24T10:55:23.930Z",
    "__v": 0
  },
  {
    "_id": "67bc5e11cf00ca0fcdd96291",
    "sender": "67a5ccb49a860770f0cf9b69",
    "receiver": "67a5b20499c73f73e7deb424",
    "message": "hi",
    "createdAt": "2025-02-24T11:54:57.965Z",
    "updatedAt": "2025-02-24T11:54:57.965Z",
    "__v": 0
  },
  {
    "_id": "67bc7473ef824cf8d820cba1",
    "sender": "67a5cbbc9a860770f0cf9ad5",
    "receiver": "67a5cef39a860770f0cf9bef",
    "message": "hyy",
    "createdAt": "2025-02-24T13:30:27.616Z",
    "updatedAt": "2025-02-24T13:30:27.616Z",
    "__v": 0
  },
  {
    "_id": "67bc7482ef824cf8d820cbb9",
    "sender": "67a5cef39a860770f0cf9bef",
    "receiver": "67a5cbbc9a860770f0cf9ad5",
    "message": "hyy",
    "createdAt": "2025-02-24T13:30:42.452Z",
    "updatedAt": "2025-02-24T13:30:42.452Z",
    "__v": 0
  },
  {
    "_id": "67bd45f5a0244c507f7b2d9e",
    "sender": "67a5b64399c73f73e7deb546",
    "receiver": "67a5b57699c73f73e7deb51c",
    "message": "Hiii",
    "createdAt": "2025-02-25T04:24:21.578Z",
    "updatedAt": "2025-02-25T04:24:21.578Z",
    "__v": 0
  },
  {
    "_id": "67bd45fda0244c507f7b2da0",
    "sender": "67a5b57699c73f73e7deb51c",
    "receiver": "67a5b64399c73f73e7deb546",
    "message": "Niga",
    "createdAt": "2025-02-25T04:24:29.793Z",
    "updatedAt": "2025-02-25T04:24:29.793Z",
    "__v": 0
  },
  {
    "_id": "67c00447125e218c0aacd694",
    "sender": "67a5b20499c73f73e7deb424",
    "receiver": "67a5cd279a860770f0cf9b79",
    "message": "hii",
    "createdAt": "2025-02-27T06:20:55.877Z",
    "updatedAt": "2025-02-27T06:20:55.877Z",
    "__v": 0
  }
]