[
  {
    "_id": "67b2dd95fc91663efa81b62d",
    "name": "V Pandit",
    "status": "Ongoing",
    "summary": "Welcome to Our Astrology Website",
    "members": [
      "67a5b20499c73f73e7deb424",
      "67a5cbbc9a860770f0cf9ad5",
      "67a5cd279a860770f0cf9b79",
      "67a5cd759a860770f0cf9b97"
    ],
    "createdAt": "2025-02-17T06:56:21.693Z",
    "updatedAt": "2025-02-25T13:46:34.139Z",
    "__v": 0
  },
  {
    "_id": "67b2de15fc91663efa81b64b",
    "name": "Connecto",
    "status": "Ongoing",
    "summary": "This is Our Society Management Solutions",
    "members": [
      "67a5cbbc9a860770f0cf9ad5",
      "67ab35f0b770cc7919a85bbb",
      "67a5d5e09a860770f0cf9d23",
      "67a5cd279a860770f0cf9b79",
      "67b560424d7774c5d77e83b1"
    ],
    "createdAt": "2025-02-17T06:58:29.798Z",
    "updatedAt": "2025-02-19T09:10:49.812Z",
    "__v": 0
  },
  {
    "_id": "67b2de45fc91663efa81b655",
    "name": "Hauls Park",
    "status": "Ongoing",
    "summary": "This is Our Parking Soltion ",
    "members": [
      "67a5b20499c73f73e7deb424",
      "67a5cd279a860770f0cf9b79"
    ],
    "createdAt": "2025-02-17T06:59:17.616Z",
    "updatedAt": "2025-02-17T06:59:17.616Z",
    "__v": 0
  },
  {
    "_id": "67b2de73fc91663efa81b65f",
    "name": "FundMe",
    "status": "Ongoing",
    "summary": "This is Our Chairty Website",
    "members": [
      "67a5d1349a860770f0cf9c63"
    ],
    "createdAt": "2025-02-17T07:00:03.802Z",
    "updatedAt": "2025-02-17T07:00:03.802Z",
    "__v": 0
  },
  {
    "_id": "67b2deb8fc91663efa81b666",
    "name": "Tiffin Web & App",
    "status": "Ongoing",
    "summary": "This is Our Tifiin Solution",
    "members": [
      "67a5cea29a860770f0cf9be7",
      "67a5b20499c73f73e7deb424",
      "67a5cd279a860770f0cf9b79"
    ],
    "createdAt": "2025-02-17T07:01:12.013Z",
    "updatedAt": "2025-02-17T07:01:12.013Z",
    "__v": 0
  },
  {
    "_id": "67b2def6fc91663efa81b676",
    "name": "Signs And Banner",
    "status": "Ongoing",
    "summary": "Signs And Banner",
    "members": [
      "67a5ccb49a860770f0cf9b69"
    ],
    "createdAt": "2025-02-17T07:02:14.659Z",
    "updatedAt": "2025-02-17T07:02:14.659Z",
    "__v": 0
  },
  {
    "_id": "67b2df2dfc91663efa81b67d",
    "name": "Appointment Booking App ",
    "status": "Ongoing",
    "summary": "This is Our Appointment Booking Soltion",
    "members": [
      "67a5cbbc9a860770f0cf9ad5"
    ],
    "createdAt": "2025-02-17T07:03:09.585Z",
    "updatedAt": "2025-02-17T07:10:43.965Z",
    "__v": 0
  },
  {
    "_id": "67b2df5cfc91663efa81b684",
    "name": "Attendece System",
    "status": "Ongoing",
    "summary": "This is Our Attendece Management Soltion",
    "members": [
      "67a5b20499c73f73e7deb424"
    ],
    "createdAt": "2025-02-17T07:03:56.280Z",
    "updatedAt": "2025-02-17T07:03:56.280Z",
    "__v": 0
  },
  {
    "_id": "67b2e094fc91663efa81b6e6",
    "name": "Parivaar App & Web",
    "status": "Ongoing",
    "summary": "This is Our Matrimonial,Job Portal,Social Etc Soltion",
    "members": [
      "67a5b64399c73f73e7deb546",
      "67a5d1349a860770f0cf9c63",
      "67a5d6329a860770f0cf9d30"
    ],
    "createdAt": "2025-02-17T07:09:08.565Z",
    "updatedAt": "2025-02-17T09:27:06.692Z",
    "__v": 0
  },
  {
    "_id": "67b2e0e6fc91663efa81b721",
    "name": "Taxi App User Side panel (APP)",
    "status": "Ongoing",
    "summary": "This is Taxi App Soltion",
    "members": [
      "67a5cfcc9a860770f0cf9bf7",
      "67b562994d7774c5d77e848e",
      "67b561ac4d7774c5d77e83f8"
    ],
    "createdAt": "2025-02-17T07:10:30.279Z",
    "updatedAt": "2025-02-24T12:22:43.494Z",
    "__v": 0
  }
]