[
  {
    "_id": "67a5b20499c73f73e7deb424",
    "firstName": "Faizan khan",
    "lastName": "Pathan",
    "gender": "male",
    "dateOfBirth": "2005-07-21",
    "email": "faizankhan147963@gmail.com",
    "Designation": "React .JS Developer ",
    "Department": "67a49dedcda37a2041135020",
    "phoneNo": "8000052438",
    "joiningDate": "2024-09-06",
    "createdAt": "2025-02-07T07:11:00.922Z",
    "updatedAt": "2025-02-17T05:48:49.859Z",
    "__v": 0
  },
  {
    "_id": "67a5b3e399c73f73e7deb4af",
    "firstName": "Pinal",
    "lastName": "Garala",
    "gender": "female",
    "dateOfBirth": "2002-08-12",
    "email": "pinalgarala29@gmail.com",
    "Designation": "Data ENTRY operator ",
    "Department": "67a5f7de5124b8d7c80ff78a",
    "phoneNo": "7486976544",
    "joiningDate": "2024-06-25",
    "createdAt": "2025-02-07T07:18:59.624Z",
    "updatedAt": "2025-02-07T12:09:45.284Z",
    "__v": 0
  },
  {
    "_id": "67a5b49099c73f73e7deb50c",
    "firstName": "Ranjana",
    "lastName": "Chandrvanshi",
    "gender": "female",
    "dateOfBirth": "1990-11-13",
    "email": "ranjanachandrvanshi@gmail.com",
    "Designation": "Data ENTRY operator ",
    "Department": "67a5f7de5124b8d7c80ff78a",
    "phoneNo": "7284042936",
    "joiningDate": "2024-05-20",
    "createdAt": "2025-02-07T07:21:52.131Z",
    "updatedAt": "2025-02-07T12:09:52.678Z",
    "__v": 0
  },
  {
    "_id": "67a5b4ec99c73f73e7deb514",
    "firstName": "Kinjal ",
    "lastName": "Shahu",
    "gender": "female",
    "dateOfBirth": "2001-11-16",
    "email": "shahukinjal@gmail.com",
    "Designation": "Data ENTRY operator ",
    "Department": "67a5f7de5124b8d7c80ff78a",
    "phoneNo": "8866874759",
    "joiningDate": "2024-06-03",
    "createdAt": "2025-02-07T07:23:24.546Z",
    "updatedAt": "2025-02-07T12:09:59.568Z",
    "__v": 0
  },
  {
    "_id": "67a5b57699c73f73e7deb51c",
    "firstName": "Dhananjay",
    "lastName": "Prajapti",
    "gender": "male",
    "dateOfBirth": "2000-08-10",
    "email": "dhananjayprajapati112@gmail.com",
    "Designation": "UI*UX Designer ",
    "Department": "67a49dedcda37a2041135020",
    "phoneNo": "8511001604",
    "joiningDate": "2024-07-04",
    "createdAt": "2025-02-07T07:25:42.830Z",
    "updatedAt": "2025-02-15T10:17:56.920Z",
    "__v": 0
  },
  {
    "_id": "67a5b64399c73f73e7deb546",
    "firstName": "Arth ",
    "lastName": "Shah",
    "gender": "male",
    "dateOfBirth": "2000-09-17",
    "email": "arth1790@gmail.com",
    "Designation": "Flutter Developer ",
    "Department": "67a49dedcda37a2041135020",
    "phoneNo": "8511607500",
    "joiningDate": "2024-01-09",
    "createdAt": "2025-02-07T07:29:07.915Z",
    "updatedAt": "2025-02-15T10:14:06.307Z",
    "__v": 0
  },
  {
    "_id": "67a5cae59a860770f0cf9ac0",
    "firstName": "Neha ",
    "lastName": "Goswami",
    "gender": "female",
    "dateOfBirth": "2004-02-09",
    "email": "nehagiri058@gmail.com",
    "Designation": "Receptionist",
    "Department": "67a4a859e0fbf4d8066b051c",
    "phoneNo": "9974235296",
    "joiningDate": "2023-06-05",
    "createdAt": "2025-02-07T08:57:09.479Z",
    "updatedAt": "2025-02-07T08:57:09.479Z",
    "__v": 0
  },
  {
    "_id": "67a5cbbc9a860770f0cf9ad5",
    "firstName": "Vansh",
    "lastName": "Jain",
    "gender": "male",
    "dateOfBirth": "2002-07-07",
    "email": "am.vansh7@gmail.com",
    "Designation": "Android Developer ",
    "Department": "67a49dedcda37a2041135020",
    "phoneNo": "8278691314",
    "joiningDate": "2024-09-06",
    "createdAt": "2025-02-07T09:00:44.047Z",
    "updatedAt": "2025-02-07T09:00:44.047Z",
    "__v": 0
  },
  {
    "_id": "67a5ccb49a860770f0cf9b69",
    "firstName": "Jignesh",
    "lastName": "Pithiya",
    "gender": "male",
    "dateOfBirth": "1999-02-15",
    "email": "jigneshpithiya41@gmail.com",
    "Designation": "Web Designer",
    "Department": "67a49dedcda37a2041135020",
    "phoneNo": "7623841641",
    "joiningDate": "2024-09-30",
    "createdAt": "2025-02-07T09:04:52.300Z",
    "updatedAt": "2025-02-07T09:04:52.300Z",
    "__v": 0
  },
  {
    "_id": "67a5cd279a860770f0cf9b79",
    "firstName": "Mahmed ",
    "lastName": "Patel",
    "gender": "male",
    "dateOfBirth": "1994-09-13",
    "email": "mahmedpatel66@gmail.com",
    "Designation": "Laravel Developer ",
    "Department": "67a49dedcda37a2041135020",
    "phoneNo": "8156043719",
    "joiningDate": "2024-10-17",
    "createdAt": "2025-02-07T09:06:47.411Z",
    "updatedAt": "2025-02-25T13:37:25.066Z",
    "__v": 0
  },
  {
    "_id": "67a5cd759a860770f0cf9b97",
    "firstName": "Alpesh",
    "lastName": "Gohel ",
    "gender": "male",
    "dateOfBirth": "2003-09-21",
    "email": "gohelalpesh57@gmail.com",
    "Designation": "React .JS Developer ",
    "Department": "67a49dedcda37a2041135020",
    "phoneNo": "8401019172",
    "joiningDate": "2024-11-20",
    "createdAt": "2025-02-07T09:08:05.768Z",
    "updatedAt": "2025-02-17T05:52:11.157Z",
    "__v": 0
  },
  {
    "_id": "67a5cea29a860770f0cf9be7",
    "firstName": "Paras",
    "lastName": "Malaviya",
    "gender": "male",
    "dateOfBirth": "1997-01-02",
    "email": "parasmalviya3@gmail.com",
    "Designation": "Flutter Developer ",
    "Department": "67a49dedcda37a2041135020",
    "phoneNo": "9601852804",
    "joiningDate": "2024-09-16",
    "createdAt": "2025-02-07T09:13:06.424Z",
    "updatedAt": "2025-02-07T09:13:06.424Z",
    "__v": 0
  },
  {
    "_id": "67a5cef39a860770f0cf9bef",
    "firstName": "Sagar",
    "lastName": "Varmora",
    "gender": "male",
    "dateOfBirth": "2002-08-24",
    "email": "varmorasagar11@gmail.com",
    "Designation": "Flutter Developer ",
    "Department": "67a49dedcda37a2041135020",
    "phoneNo": "9664675200",
    "joiningDate": "2024-09-09",
    "createdAt": "2025-02-07T09:14:27.843Z",
    "updatedAt": "2025-02-07T09:14:27.843Z",
    "__v": 0
  },
  {
    "_id": "67a5cfcc9a860770f0cf9bf7",
    "firstName": "Urvang",
    "lastName": "kateshiya",
    "gender": "male",
    "dateOfBirth": "2002-11-23",
    "email": "urvangkateshiya2002@gmail.com",
    "Designation": "Flutter Developer ",
    "Department": "67a49dedcda37a2041135020",
    "phoneNo": "9054474481",
    "joiningDate": "2025-01-01",
    "createdAt": "2025-02-07T09:18:04.328Z",
    "updatedAt": "2025-02-07T09:18:04.328Z",
    "__v": 0
  },
  {
    "_id": "67a5d1349a860770f0cf9c63",
    "firstName": "Shyamal",
    "lastName": "Odedara",
    "gender": "male",
    "dateOfBirth": "2003-08-31",
    "email": "shyamalodedara@gmail.com",
    "Designation": "React .JS Developer ",
    "Department": "67a49dedcda37a2041135020",
    "phoneNo": "6356950981",
    "joiningDate": "2024-12-24",
    "createdAt": "2025-02-07T09:24:04.681Z",
    "updatedAt": "2025-02-17T09:21:05.062Z",
    "__v": 0
  },
  {
    "_id": "67a5d5699a860770f0cf9d15",
    "firstName": "Jyoti",
    "lastName": " Goswami",
    "gender": "female",
    "dateOfBirth": "2001-04-02",
    "email": "jyotigiri052@gmail.com",
    "Designation": "QA /QC",
    "Department": "67a4a859e0fbf4d8066b051c",
    "phoneNo": "7041614306",
    "joiningDate": "2023-10-25",
    "createdAt": "2025-02-07T09:42:01.908Z",
    "updatedAt": "2025-02-07T09:42:01.908Z",
    "__v": 0
  },
  {
    "_id": "67a5d5e09a860770f0cf9d23",
    "firstName": "Nagesh ",
    "lastName": "Sharma",
    "gender": "male",
    "dateOfBirth": "2004-12-19",
    "email": "nageshsharma6267@gmail.com",
    "Designation": "React .JS Developer ",
    "Department": "67a49dedcda37a2041135020",
    "phoneNo": "6267910837",
    "joiningDate": "2025-01-28",
    "createdAt": "2025-02-07T09:44:00.520Z",
    "updatedAt": "2025-02-07T09:44:00.520Z",
    "__v": 0
  },
  {
    "_id": "67a5d6329a860770f0cf9d30",
    "firstName": "Jaydip",
    "lastName": "Dabhi",
    "gender": "male",
    "dateOfBirth": "2004-05-11",
    "email": "jaydipdabhi7041@gmail.com",
    "Designation": "Php Laravel Developer ",
    "Department": "67a49dedcda37a2041135020",
    "phoneNo": "7016928196",
    "joiningDate": "2025-02-01",
    "createdAt": "2025-02-07T09:45:22.728Z",
    "updatedAt": "2025-02-07T09:45:22.728Z",
    "__v": 0
  },
  {
    "_id": "67a5d6989a860770f0cf9d45",
    "firstName": "Kalpen",
    "lastName": "Namsha",
    "gender": "male",
    "dateOfBirth": "1999-10-03",
    "email": "kalpennamsha@gmail.com",
    "Designation": "Php Laravel Developer ",
    "Department": "67a49dedcda37a2041135020",
    "phoneNo": "9106994219",
    "joiningDate": "2025-02-03",
    "createdAt": "2025-02-07T09:47:04.342Z",
    "updatedAt": "2025-02-07T09:47:04.342Z",
    "__v": 0
  },
  {
    "_id": "67a5da719a860770f0cf9d8e",
    "firstName": "Manasvi",
    "lastName": "Patel",
    "gender": "female",
    "dateOfBirth": "2001-10-13",
    "email": "patelmanshvi1310@gmail.com",
    "Designation": "Web Devloper ",
    "Department": "67a49dedcda37a2041135020",
    "phoneNo": "8490966697",
    "joiningDate": "2025-01-27",
    "createdAt": "2025-02-07T10:03:29.768Z",
    "updatedAt": "2025-02-07T10:03:29.768Z",
    "__v": 0
  },
  {
    "_id": "67a5dad89a860770f0cf9da8",
    "firstName": "Hardik",
    "lastName": "Pathak",
    "gender": "male",
    "dateOfBirth": "1983-10-30",
    "email": "hariomhardik@gamil.com",
    "Designation": "Admin",
    "Department": "67a4a859e0fbf4d8066b051c",
    "phoneNo": "9998317577",
    "joiningDate": "2023-05-02",
    "createdAt": "2025-02-07T10:05:12.799Z",
    "updatedAt": "2025-02-07T10:05:12.799Z",
    "__v": 0
  },
  {
    "_id": "67a5f7145124b8d7c80ff766",
    "firstName": "Vidhi",
    "lastName": "Patel",
    "gender": "female",
    "dateOfBirth": "1983-04-05",
    "email": "Vidhipatel@gmail.com",
    "Designation": "Accountant",
    "Department": "67a4a673e0fbf4d8066b04a5",
    "phoneNo": "9998953312",
    "joiningDate": "2012-09-20",
    "createdAt": "2025-02-07T12:05:40.908Z",
    "updatedAt": "2025-02-10T11:41:24.373Z",
    "__v": 0
  },
  {
    "_id": "67a5faba5124b8d7c80ff7d9",
    "firstName": "Vijay",
    "lastName": "Patil",
    "gender": "male",
    "dateOfBirth": "1974-02-02",
    "email": "vijaypatil@gmail.com",
    "Designation": "Admin",
    "Department": "67a4a859e0fbf4d8066b051c",
    "phoneNo": "9998093773",
    "joiningDate": "2012-09-25",
    "createdAt": "2025-02-07T12:21:14.158Z",
    "updatedAt": "2025-02-10T11:41:11.492Z",
    "__v": 0
  },
  {
    "_id": "67a5fb055124b8d7c80ff7e1",
    "firstName": "Vina ",
    "lastName": "Ben",
    "gender": "female",
    "dateOfBirth": "1985-04-05",
    "email": "vina@gmail.com",
    "Designation": "Admin",
    "Department": "67a4a859e0fbf4d8066b051c",
    "phoneNo": "45487464769",
    "joiningDate": "2024-01-09",
    "createdAt": "2025-02-07T12:22:29.470Z",
    "updatedAt": "2025-02-07T13:02:14.711Z",
    "__v": 0
  },
  {
    "_id": "67ab35f0b770cc7919a85bbb",
    "firstName": "Jayesh ",
    "lastName": "Methaniya ",
    "gender": "male",
    "dateOfBirth": "2003-06-15",
    "email": "jayeshmethaniya1562003@gmail.com",
    "Designation": "React .JS Developer ",
    "Department": "67a49dedcda37a2041135020",
    "phoneNo": "7621089364",
    "joiningDate": "2024-09-20",
    "createdAt": "2025-02-11T11:35:12.809Z",
    "updatedAt": "2025-02-17T05:59:31.499Z",
    "__v": 0
  },
  {
    "_id": "67b560424d7774c5d77e83b1",
    "firstName": "Megha ",
    "lastName": "Rajawat",
    "gender": "female",
    "dateOfBirth": "2000-04-12",
    "email": "megharajavat4593@gmail.com",
    "Designation": "Laravel Developer",
    "Department": "67a49dedcda37a2041135020",
    "phoneNo": "8511641512",
    "joiningDate": "2025-02-11",
    "createdAt": "2025-02-19T04:38:26.935Z",
    "updatedAt": "2025-02-19T04:38:26.935Z",
    "__v": 0
  },
  {
    "_id": "67b561ac4d7774c5d77e83f8",
    "firstName": "Krunal ",
    "lastName": "Kapadiya ",
    "gender": "male",
    "dateOfBirth": "1983-04-18",
    "email": "krunal.kapadiya@rediffmail.com",
    "Designation": "Front End Developer ",
    "Department": "67a49dedcda37a2041135020",
    "phoneNo": "7016313645",
    "joiningDate": "2025-02-10",
    "createdAt": "2025-02-19T04:44:28.808Z",
    "updatedAt": "2025-02-24T11:27:22.192Z",
    "__v": 0
  },
  {
    "_id": "67b562184d7774c5d77e841f",
    "firstName": "Durgesh ",
    "lastName": "kumar",
    "gender": "male",
    "dateOfBirth": "2001-11-25",
    "email": "banjaradurgesh119@gmail.com",
    "Designation": "Laravel Developer",
    "Department": "67a49dedcda37a2041135020",
    "phoneNo": "9352903060",
    "joiningDate": "2025-02-11",
    "createdAt": "2025-02-19T04:46:16.516Z",
    "updatedAt": "2025-02-19T04:46:16.516Z",
    "__v": 0
  },
  {
    "_id": "67b562994d7774c5d77e848e",
    "firstName": "Taukeeruddin",
    "lastName": "Shaikh",
    "gender": "male",
    "dateOfBirth": "1999-08-27",
    "email": "shaikhtaukeer7862@gmail.com",
    "Designation": "Laravel Developer",
    "Department": "67a49dedcda37a2041135020",
    "phoneNo": "8160307246",
    "joiningDate": "2025-02-10",
    "createdAt": "2025-02-19T04:48:25.218Z",
    "updatedAt": "2025-02-24T11:55:36.937Z",
    "__v": 0
  }
]